cluster,tactic,behaviour,readability,completeness,correctness,actionability,specificity,overall,justification
0,Reconnaissance,service_probing,5,3,4,4,4,4.0,"The explanation is clear and readable, but it could cite more network features to justify the conclusion. The tactic logically follows from the cited features, and the explanation is actionable and somewhat specific."
2,Command and Control,periodic_comm,5,3,4,4,4,4.0,"The explanation is clear and easy to understand, but it only cites one network feature. The tactic logically follows from the cited feature and behaviour analysis, and it is actionable with some investigation. The explanation is somewhat specific, distinguishing this pattern from other attack types."
5,Impact,syn_flooding,5,4,4,4,4,4.2,"The explanation is clear and understandable, with a good level of detail. However, it could benefit from citing more network features and providing more specific details to distinguish this pattern from other attack types."
13,None,normal_activity,5,3,4,2,3,3.4,"The explanation is clear and easy to understand, but it only cites one network feature. The tactic logically follows from the cited feature, but the explanation is not directly actionable. It is somewhat specific, distinguishing this pattern from other attack types."
17,Exfiltration,data_transfer,5,3,4,4,4,4.0,"The explanation is clear and understandable, but it could cite more network features to justify the conclusion. The tactic logically follows from the cited features and the explanation is actionable. It also distinguishes this pattern from other attack types."
1,Reconnaissance,service_probing,5,3,4,3,4,3.8,"The explanation is clear and readable, but it only cites one network feature. The reasoning chain is logical, but the confidence levels are low, which may require further investigation. The explanation is somewhat specific to the Reconnaissance tactic."
3,Command and Control,periodic_comm,5,4,4,4,4,4.2,"The explanation is clear and understandable, with a good amount of network features cited. The tactic logically follows from the cited features, and an analyst can make a security decision from this explanation. It is somewhat specific, distinguishing this pattern from other attack types."
4,Reconnaissance,service_probing,5,3,4,4,4,4.0,"The explanation is clear and understandable, but it only cites one network feature. The tactic logically follows from the cited feature and behaviour, and the explanation is actionable and specific enough to distinguish this pattern from other attack types."
6,Impact,syn_flooding,5,4,4,4,4,4.2,"The explanation is clear and understandable, with a good amount of network features cited. The tactic logically follows from the cited features, and an analyst can make a security decision from this explanation. It is somewhat specific, distinguishing this pattern from other attack types."
7,Impact,syn_flooding,5,4,4,4,4,4.2,"The explanation is clear and understandable, with a good level of detail. However, it could benefit from citing more network features and providing more specific information to distinguish this pattern from other attack types."
8,Reconnaissance,service_probing,5,3,4,3,3,3.6,"The explanation is very readable and the reasoning chain is logical, but it only cites one network feature and the confidence levels for the behaviours and tactics are relatively low. This makes the explanation somewhat actionable but not very specific."
9,Impact,syn_flooding,5,4,4,4,4,4.2,"The explanation is clear and understandable, with a good level of detail. However, it could have included more network features for completeness and to strengthen the reasoning chain."
