window_size,n_windows,top1_accuracy,top2_accuracy,coverage,mean_cosine,mean_soft_jaccard,mean_kl_div
5,6794,0.5612304974977922,0,0.7793641448336768,0.6966825701897101,0.4276756442668811,0
10,3400,0.643235294117647,0,0.8044117647058824,0.7344996084341251,0.4586363369248412,0
20,1705,0.7038123167155426,0,0.8058651026392962,0.7548109538228209,0.480383987866915,0
30,1139,0.7243195785776997,0,0.8050921861281826,0.7617435703063947,0.48802884078012254,0
50,686,0.7580174927113703,0,0.8002915451895044,0.766365800665299,0.49352409959810317,0
75,460,0.758695652173913,0,0.8065217391304348,0.768897946495348,0.495511991718608,0
100,346,0.7601156069364162,0,0.791907514450867,0.76681192609859,0.49440436574162216,0
150,235,0.7574468085106383,0,0.7914893617021277,0.7638247040852247,0.4919299209070953,0
200,176,0.7670454545454546,0,0.7897727272727273,0.7652880836649852,0.49245430444633553,0
