attack,count,FLOW_DURATION_MILLISECONDS_mean,FLOW_DURATION_MILLISECONDS_std,FLOW_DURATION_MILLISECONDS_median,IN_BYTES_mean,IN_BYTES_std,IN_BYTES_median,OUT_BYTES_mean,OUT_BYTES_std,OUT_BYTES_median,IN_PKTS_mean,IN_PKTS_std,IN_PKTS_median,OUT_PKTS_mean,OUT_PKTS_std,OUT_PKTS_median,total_packets_mean,total_packets_std,total_packets_median,total_bytes_mean,total_bytes_std,total_bytes_median,packets_per_second_mean,packets_per_second_std,packets_per_second_median,bytes_per_packet_mean,bytes_per_packet_std,bytes_per_packet_median,bytes_per_second_mean,bytes_per_second_std,bytes_per_second_median,direction_ratio_mean,direction_ratio_std,direction_ratio_median,fan_out_mean,fan_out_std,fan_out_median,fan_in_mean,fan_in_std,fan_in_median,TCP_FLAGS_mean,TCP_FLAGS_std,TCP_FLAGS_median,LONGEST_FLOW_PKT_mean,LONGEST_FLOW_PKT_std,LONGEST_FLOW_PKT_median,SHORTEST_FLOW_PKT_mean,SHORTEST_FLOW_PKT_std,SHORTEST_FLOW_PKT_median,MIN_TTL_mean,MIN_TTL_std,MIN_TTL_median,L4_DST_PORT_mean,L4_DST_PORT_std,L4_DST_PORT_median,PROTOCOL_mean,PROTOCOL_std,PROTOCOL_median
Analysis,1017,240716.64208456245,988366.2973692851,0.0,572.2753195673549,2635.765302008913,200.0,214.3795476892822,645.3672834943783,0.0,4.8446411012782695,11.933108069684017,2.0,1.5103244837758112,3.5416728321126385,0.0,6.354965585054081,13.17279383670623,2.0,786.6548672566372,2739.064868562142,200.0,43274.33675527422,62419.99933949929,20000.0,102.16037393922817,30.56768384234607,100.0,4621160.350885101,8570060.681193132,2000000.0,837.0365813826343,368.22087755321746,999.0,10.0,0.0,10.0,4.004916420845625,0.0699790315597693,4.0,4.355948869223205,9.912567904928775,0.0,161.43657817109144,148.61274571274012,100.0,90.04326450344149,31.04781200467128,100.0,222.66666666666666,71.31393387939227,254.0,12.871189773844641,29.362755043095678,0.0,105.47590953785644,81.34185697804962,94.0
Backdoor,1102,190969.83212341196,885682.4718763641,0.0,790.8421052631579,3664.347052738344,200.0,236.01633393829403,2398.3500292044346,0.0,5.478221415607986,15.754905736978719,2.0,1.2014519056261344,3.8730159055076405,0.0,6.6796733212341195,16.761725048340978,2.0,1026.8584392014518,4612.739852051432,200.0,43330.30907633845,71926.12591418535,20000.0,139.55063768524863,196.12472775192668,100.0,5762740.576783557,24522389.602517683,2000000.0,861.400683012501,344.15470253932415,999.0,10.0,0.0,10.0,4.026315789473684,0.1601453758985069,4.0,2.442831215970962,6.48171454191806,0.0,161.02813067150635,231.15500798899345,100.0,131.08620689655172,192.74238855859005,100.0,248.96370235934666,32.72904406249384,254.0,1724.8139745916515,7336.874090104459,0.0,101.46733212341198,80.08825923878403,89.0
Benign,1418786,248675.2348359795,1003099.2375365382,0.0,4168.539431598564,21616.594572258004,1684.0,36140.53673915587,153327.63579690573,2512.0,36.600781231278006,62.64341289104641,19.0,46.85219758300406,114.64159612738753,18.0,83.45297881428208,174.89938489149418,36.0,40309.07617075444,157343.16812329734,5615.0,616297.565107816,1063694.059963952,340000.0,221.13009364802028,195.73065072066046,110.0,235096851.49803627,900451908.180521,43280000.0,7.853255371634966,78.70721431871786,0.8194898626553303,9.971267689418982,0.41768957222814346,10.0,9.964374472260086,0.4964420949923139,10.0,20.19190420542633,11.05238893751521,27.0,733.4553653616542,616.5622052311678,510.0,56.19414696790073,16.481631823077986,52.0,31.849187967741436,14.576558819616956,31.0,11826.925348149756,18742.125122457433,111.0,8.521309062818494,4.8163769336786615,6.0
DoS,2637,524445.8998862343,1406470.4703455276,0.0,36112.07925673114,458470.13347462023,768.0,54781.94690936671,772821.3292021892,256.0,46.9226393629124,379.73252017840565,10.0,53.46454304133485,582.4271151282029,6.0,100.38718240424726,798.3369321538407,16.0,90894.02616609784,900780.0975114963,1406.0,158631.0397792409,416060.14903692255,20000.0,233.38264280032422,287.47620929510083,100.0,76061069.82879288,446435741.3989263,4800000.0,441.8386747293419,490.4002549920874,16.0623973727422,10.0,0.0,10.0,4.065984072810012,0.24830133937048812,4.0,12.504361016306408,11.723599790666341,19.0,525.6018202502844,532.7994131806154,285.0,105.76753886992795,188.17344864757305,40.0,197.00113765642777,88.24649269895835,254.0,935.9696624952597,4846.8423260120535,25.0,46.50777398558969,69.0189575314116,6.0
Exploits,14344,733590.0724344674,1616402.4850162503,0.0,36446.704545454544,512539.1415044529,896.0,21511.371444506414,144452.2393949166,894.0,40.06058282208589,383.50334134830877,10.0,29.008435582822084,122.74358073738743,9.0,69.06901840490798,458.429414685344,20.0,57958.07598996096,533627.1858834178,2256.0,278049.36822460406,540030.2723016343,180000.0,283.2972265858052,311.0389698239421,117.14642857142857,156485304.7480253,573174989.9055386,14050000.0,91.01778107214356,274.7465074581505,0.8493975903614458,10.0,0.0,10.0,4.103388176240937,0.3044758188626762,4.0,21.495119910764082,7.645110903541275,24.0,774.9986056887898,612.6789678715784,550.0,57.2138176240937,105.93394010811782,40.0,130.12939208031233,91.96404142852951,62.0,2694.625,10667.282151024603,80.0,13.395775237032906,33.20196541087447,6.0
Fuzzers,10658,438035.6037718146,1299851.2999086576,0.0,7277.445674610621,43185.784271530116,744.0,553.1480577969601,7405.383476139011,256.0,12.747701257271533,33.64380560094166,10.0,5.890973916307,8.967203867920771,6.0,18.638675173578534,40.216664237551235,16.0,7830.593732407581,44504.34441045099,1000.0,140996.43565995502,204093.8830496016,160000.0,217.99127201481454,304.6610436991956,83.9090909090909,51681446.48216866,202283817.61997604,8580000.0,325.5555688777143,458.83269227319465,3.8154761904761907,10.0,0.0,10.0,4.103302683430287,0.3043680848614442,4.0,12.694501782698442,8.669254972467629,19.0,411.3277350347157,487.1829215447749,181.0,120.76768624507412,234.3776481150113,40.0,252.74798273597298,17.600353908160088,254.0,366.2136423343967,483.7544377682418,179.0,18.353724901482455,38.65139848654746,6.0
Generic,8226,172820.48212983223,844080.1398902381,0.0,2013.0160466812545,42320.10488188043,114.0,11773.271699489424,137147.23518179177,0.0,6.424142961342086,36.637567985159976,2.0,10.258205689277899,99.4742285031952,0.0,16.682348650619986,121.72885159351698,2.0,13786.287746170678,144159.64094316325,114.0,74324.0964887315,263806.47999097646,20000.0,145.6166188562062,232.22194303747165,57.0,40007049.44592891,281660793.57011396,1140000.0,834.9953892510352,368.92795135712123,999.0,10.0,0.0,10.0,4.0217602723073185,0.14590870746019222,4.0,3.588135181132993,8.322734835137398,0.0,255.1366399221979,440.96468859265855,57.0,85.85412107950401,141.79528072078554,57.0,240.76878191101386,48.87322502557587,254.0,520.3569170921469,3161.0855915673587,53.0,23.514952589350838,35.83493169498692,17.0
Reconnaissance,5753,332964.4877455241,1148663.3891274128,0.0,537.0024335129498,1700.679446564302,552.0,164.69424648009735,168.62318970922072,256.0,6.614288197462193,7.903726888793922,10.0,3.8812793325221624,3.8225575297397154,6.0,10.495567529984356,10.16192045969022,16.0,701.6966799930472,1718.5135719651057,888.0,88101.86029159662,79327.70352560501,20000.0,83.25622969333745,108.27012748695064,72.55555555555556,5448654.6514994465,4837627.841450889,2000000.0,484.92878277977195,498.20208422098386,3.6953125,10.0,0.0,10.0,4.085520597948896,0.27967914068296407,4.0,9.794368155744829,9.501095551428394,19.0,131.53693725013036,123.3341757798908,100.0,74.83208760646619,109.73094687360599,40.0,253.39162176255866,11.993208238007947,254.0,91.81487919346428,48.83947309133813,111.0,23.43803233095776,43.7799255064639,6.0
Shellcode,650,211443.73384615386,929926.0154383862,0.0,526.8707692307693,307.7424511624637,524.0,139.52,142.86426283819898,0.0,5.964615384615384,3.9923243292397963,2.0,3.289230769230769,3.375709619032064,0.0,9.253846153846155,7.33305362567773,2.0,666.3907692307693,408.51528072201006,754.0,84015.38481382871,73499.57626451214,20000.0,115.78497824397824,101.66972465797073,74.0,6205846.164511271,4270390.710893789,6730000.0,502.3349682072395,498.5797588356327,999.0,10.0,0.0,10.0,4.093846153846154,0.2918391408860967,4.0,9.466153846153846,9.503041065818719,0.0,176.21692307692308,122.70300881659058,132.0,105.77846153846154,106.92828478469926,51.0,254.0,0.0,254.0,32114.164615384616,17924.456441242513,30927.0,11.516923076923076,5.504209601539468,17.0
Worms,74,696478.3918918918,1593922.857368289,0.0,1805.8648648648648,1828.209434094736,1290.0,60571.64864864865,183346.88441263477,256.0,15.91891891891892,21.427006871534527,10.0,50.54054054054054,136.73183325166582,6.0,66.45945945945945,157.98336909084085,16.0,62377.51351351351,183925.03993637112,1552.0,204864.8755688214,560995.3034270329,160000.0,289.2882989616361,371.7731755059374,96.625,116924336.12540781,637044766.7631271,15460000.0,153.26955248695978,355.86716729835587,5.015625,10.0,0.0,10.0,4.135135135135135,0.3442014512209155,4.0,16.37837837837838,7.014081145853818,19.0,634.3378378378378,431.36026569754694,469.0,100.04054054054055,208.5207810798952,40.0,248.8108108108108,31.347664122050993,254.0,1703.8108108108108,8727.821518389788,80.0,7.635135135135135,3.939871092823175,6.0
