cluster,size,majority_attack,purity,majority_tactic,tactic_purity,FLOW_DURATION_MILLISECONDS_mean,FLOW_DURATION_MILLISECONDS_median,IN_BYTES_mean,IN_BYTES_median,OUT_BYTES_mean,OUT_BYTES_median,IN_PKTS_mean,IN_PKTS_median,OUT_PKTS_mean,OUT_PKTS_median,total_packets_mean,total_packets_median,total_bytes_mean,total_bytes_median,packets_per_second_mean,packets_per_second_median,bytes_per_packet_mean,bytes_per_packet_median,bytes_per_second_mean,bytes_per_second_median,direction_ratio_mean,direction_ratio_median,fan_out_mean,fan_out_median,fan_in_mean,fan_in_median,TCP_FLAGS_mean,TCP_FLAGS_median,LONGEST_FLOW_PKT_mean,LONGEST_FLOW_PKT_median,SHORTEST_FLOW_PKT_mean,SHORTEST_FLOW_PKT_median,MIN_TTL_mean,MIN_TTL_median,L4_DST_PORT_mean,L4_DST_PORT_median,PROTOCOL_mean,PROTOCOL_median
2,138679,Benign,0.9972382264077474,None,0.9972382264077474,0.0,0.0,1615.1762271144153,1493.0,2248.782562608614,2056.0,29.311799190937343,27.0,31.638077863266968,29.0,60.949877054204315,56.0,3863.9587897230294,3549.0,609498.7705420431,560000.0,63.32524335411519,63.02105263157895,38639587.8972303,35490000.0,0.8363675186354563,0.8442123585726719,10.0,10.0,9.973572062100246,10.0,24.12802226725027,24.0,107.21676677795485,106.0,51.94665378319717,52.0,31.14621536065302,31.0,21.660857087230223,21.0,6.0,6.0
4,85596,Benign,0.974192719285948,None,0.974192719285948,2960340.427882144,4294951.0,13898.671281368288,2383.0,266580.6069792981,10168.0,127.48291976260573,28.0,223.76438151315483,28.0,351.24730127576055,58.0,280479.2782606664,11852.0,69249.34415359268,0.2188616354412425,510.7023557534726,462.4,33558756.284536906,168.54191443960173,1.9471003119997274,0.04805077062556664,9.99858638254124,10.0,9.814582457124164,10.0,26.67896864339455,27.0,1372.7242978643862,1500.0,51.711879059769146,52.0,34.68785924575915,31.0,14055.328975653068,6881.0,6.016449366792841,6.0
8,22963,Benign,0.8995340330096242,None,0.8995340330096242,4291583.491181466,4294951.0,1640.8256760876193,1817.0,2283.458215389975,2511.0,29.085920829159953,33.0,30.990767756826198,35.0,60.076688585986155,68.0,3924.2838914775944,4328.0,61.852596247597475,0.015832540154115806,66.7065189495418,63.375,7134.12783236048,1.0076946145149002,0.9586578209147898,0.8220769789397241,10.0,10.0,9.180943256543134,10.0,23.74511170143274,24.0,135.54248138309455,106.0,50.37630100596612,52.0,52.752079432129946,31.0,288.57170230370593,21.0,6.008143535252363,6.0
10,49824,Benign,0.9689306358381503,None,0.9689306358381503,0.0,0.0,39149.85733782916,37292.0,41013.22577472704,3380.0,66.31585179833012,52.0,67.50748635195889,42.0,133.823338150289,94.0,80163.0831125562,40650.0,1338233.3815028903,940000.0,467.07285108509797,433.72340425531917,801630831.125562,406500000.0,12.93393096862784,11.073372781065089,10.0,10.0,9.774706968529223,10.0,26.818621547848426,27.0,1499.6820608542068,1500.0,51.54190751445087,52.0,36.15827713551702,31.0,198.57175256904304,25.0,6.0,6.0
11,15435,Benign,0.9745383867832847,None,0.9745383867832847,0.0,0.0,1305.9934564301911,1251.0,1722.4737933268545,1752.0,21.949530288305798,23.0,23.811013929381275,25.0,45.76054421768708,48.0,3028.4672497570455,3003.0,457605.44217687077,480000.0,70.86056931333749,63.375,30284672.497570455,30030000.0,0.9035621871139999,0.8515546639919759,10.0,10.0,9.738321995464853,10.0,24.577907353417558,24.0,158.82001943634597,106.0,51.47249757045675,52.0,32.36371882086168,31.0,32.36352445740201,21.0,6.0,6.0
14,559095,Benign,0.9914808753431885,None,0.9914808753431885,0.0,0.0,4174.387440417103,3182.0,45969.4446525188,19422.0,52.368558116241424,42.0,62.264135790876324,44.0,114.63269390711775,86.0,50143.8320929359,23578.0,1146326.9390711775,860000.0,337.01483611677514,356.6326530612245,501438320.9293591,235780000.0,1.6419592783025863,0.1255794787266921,10.0,10.0,9.94433146424132,10.0,26.843516754755452,27.0,1288.7239306379058,1352.0,51.88694229066616,52.0,32.089498206923686,31.0,21759.07149411102,15263.0,6.0,6.0
16,309651,Benign,0.9620540544031829,None,0.9620540544031829,2760.1557172429607,0.0,256.21953102040686,146.0,217.1337796422424,178.0,2.74028503056667,2.0,2.654549799613113,2.0,5.394834830179783,4.0,473.3533106626492,324.0,53839.77445828626,40000.0,85.08703056628033,81.0,4727270.540205431,3240000.0,37.46485380974769,0.8202247191011236,9.998249642339278,10.0,9.709246861789563,10.0,0.5962260738702604,0.0,102.93123548769421,89.0,68.34920604164043,73.0,40.505462601444854,31.0,4175.14123319479,53.0,16.656590807069893,17.0
19,19585,Benign,0.5912177687005361,None,0.5912177687005361,1050645.416134797,0.0,28760.004952769978,200.0,25027.471993872863,0.0,33.854071993872864,2.0,27.574674495787594,0.0,61.428746489660455,2.0,53787.47694664284,200.0,70681.14617764356,10000.0,261.8107653448845,132.0,45306264.213192485,1320000.0,772.8126751284888,999.0,7.953944345162114,10.0,7.502067909114118,10.0,4.764105182537657,0.0,401.4355374010722,132.0,176.77661475619095,100.0,118.45468470768445,31.0,5997.3365841205,53.0,47.09543017615522,17.0
23,262419,Benign,0.9500722127589847,None,0.9500722127589847,0.0,0.0,887.2931952335769,568.0,1243.070444594332,1054.0,10.637518624794698,9.0,11.628087143080341,11.0,22.26560576787504,20.0,2130.3636398279086,1916.0,222656.0576787504,200000.0,93.28124838326748,93.6470588235294,21303636.39827909,19160000.0,0.9976282860436656,0.9367396593673966,9.999885679009523,10.0,9.656690254897702,10.0,23.048799820134974,27.0,335.1697742922578,329.0,52.50114130455493,52.0,41.099226809034406,31.0,7826.551419676167,5190.0,7.028786025402124,6.0
